Workbook

Sheet Annotation data (organs)
A1: Specie | B1: Exp. num. | C1: Bar code | D1: Tray | E1: Date time | F1: Full-Part-Organs | G1: Full-Part-Plants | H1: File name | I1: Obj ID 1 | J1: Obj ID 2 | K1: Obj ID 3 | L1: Obj ID 4 | M1: Obj ID 5 | N1: Obj ID 6 | O1: Obj ID 7 | P1: Obj ID 8 | Q1: Obj ID 9 | R1: Obj ID 10 | S1: Obj ID 11 | T1: Obj ID 12 | U1: Obj ID 13
A2: species | B2: studyId | C2: obsUnitId | E2: collectionDate | H2: sampleId | I2: variableId | J2: variableId | K2: variableId | L2: variableId | M2: variableId | N2: variableId | O2: variableId | P2: variableId | Q2: variableId | R2: variableId | S2: variableId | T2: variableId | U2: variableId
A3: mungbean | B3: 50 | C3: 27 | D3: 0_0 | E3: 20220524T041419 | F3: Full | G3: Full | H3: 50-27-0_0-20220524T041419 | I3: 1
A4: mungbean | B4: 50 | C4: 27 | D4: 0_0 | E4: 20220524T041419 | F4: Full | G4: Full | H4: 50-27-0_0-20220524T041419 | I4: 2
A5: mungbean | B5: 50 | C5: 27 | D5: 0_0 | E5: 20220524T041419 | F5: Full | G5: Full | H5: 50-27-0_0-20220524T041419 | I5: 3
A6: mungbean | B6: 50 | C6: 27 | D6: 0_0 | E6: 20220524T041419 | F6: Full | G6: Full | H6: 50-27-0_0-20220524T041419 | I6: 4
A7: mungbean | B7: 50 | C7: 27 | D7: 0_0 | E7: 20220524T041419 | F7: Full | G7: Full | H7: 50-27-0_0-20220524T041419 | I7: 5
A8: mungbean | B8: 50 | C8: 27 | D8: 0_0 | E8: 20220524T041419 | F8: Full | G8: Full | H8: 50-27-0_0-20220524T041419 | I8: 6
A9: mungbean | B9: 50 | C9: 27 | D9: 0_0 | E9: 20220524T041419 | F9: Full | G9: Full | H9: 50-27-0_0-20220524T041419 | I9: 7
A10: mungbean | B10: 50 | C10: 27 | D10: 0_0 | E10: 20220524T041419 | F10: Full | G10: Full | H10: 50-27-0_0-20220524T041419 | I10: 8
A11: mungbean | B11: 50 | C11: 27 | D11: 0_0 | E11: 20220524T041419 | F11: Full | G11: Full | H11: 50-27-0_0-20220524T041419 | I11: 9
A12: mungbean | B12: 50 | C12: 27 | D12: 0_0 | E12: 20220524T041419 | F12: Full | G12: Full | H12: 50-27-0_0-20220524T041419 | I12: 10
A13: mungbean | B13: 50 | C13: 27 | D13: 0_0 | E13: 20220524T041419 | F13: Full | G13: Full | H13: 50-27-0_0-20220524T041419 | I13: 11
A14: mungbean | B14: 50 | C14: 27 | D14: 0_0 | E14: 20220524T041419 | F14: Full | G14: Full | H14: 50-27-0_0-20220524T041419 | I14: 12
... A32: mungbean | B32: 50 | C32: 27 | D32: 0_0 | E32: 20220527T045102 | F32: Full | G32: Full | H32: 50-27-0_0-20220527T045102 | I32: 1
A33: mungbean | B33: 50 | C33: 27 | D33: 0_0 | E33: 20220527T045102 | F33: Full | G33: Full | H33: 50-27-0_0-20220527T045102 | I33: 2 | J33: 17
A34: mungbean | B34: 50 | C34: 27 | D34: 0_0 | E34: 20220527T045102 | F34: Full | G34: Full | H34: 50-27-0_0-20220527T045102 | I34: 3 | J34: 18
A35: mungbean | B35: 50 | C35: 27 | D35: 0_0 | E35: 20220527T045102 | F35: Full | G35: Full | H35: 50-27-0_0-20220527T045102 | I35: 4
A36: mungbean | B36: 50 | C36: 27 | D36: 0_0 | E36: 20220527T045102 | F36: Full | G36: Full | H36: 50-27-0_0-20220527T045102 | I36: 5 | J36: 19
A37: mungbean | B37: 50 | C37: 27 | D37: 0_0 | E37: 20220527T045102 | F37: Full | G37: Full | H37: 50-27-0_0-20220527T045102 | I37: 6 | J37: 20
A38: mungbean | B38: 50 | C38: 27 | D38: 0_0 | E38: 20220527T045102 | F38: Full | G38: Full | H38: 50-27-0_0-20220527T045102 | I38: 7
A39: mungbean | B39: 50 | C39: 27 | D39: 0_0 | E39: 20220527T045102 | F39: Full | G39: Full | H39: 50-27-0_0-20220527T045102 | I39: 8
A40: mungbean | B40: 50 | C40: 27 | D40: 0_0 | E40: 20220527T045102 | F40: Full | G40: Full | H40: 50-27-0_0-20220527T045102 | I40: 9
A41: mungbean | B41: 50 | C41: 27 | D41: 0_0 | E41: 20220527T045102 | F41: Full | G41: Full | H41: 50-27-0_0-20220527T045102 | I41: 10
A42: mungbean | B42: 50 | C42: 27 | D42: 0_0 | E42: 20220527T045102 | F42: Full | G42: Full | H42: 50-27-0_0-20220527T045102 | I42: 11
A43: mungbean | B43: 50 | C43: 27 | D43: 0_0 | E43: 20220527T045102 | F43: Full | G43: Full | H43: 50-27-0_0-20220527T045102 | I43: 12
A44: mungbean | B44: 50 | C44: 27 | D44: 0_0 | E44: 20220527T045102 | F44: Full | G44: Full | H44: 50-27-0_0-20220527T045102 | I44: 13
A45: mungbean | B45: 50 | C45: 27 | D45: 0_0 | E45: 20220527T045102 | F45: Full | G45: Full | H45: 50-27-0_0-20220527T045102 | I45: 14
A46: mungbean | B46: 50 | C46: 27 | D46: 0_0 | E46: 20220527T045102 | F46: Full | G46: Full | H46: 50-27-0_0-20220527T045102 | I46: 15
A47: mungbean | B47: 50 | C47: 27 | D47: 0_0 | E47: 20220527T045102 | F47: Full | G47: Full | H47: 50-27-0_0-20220527T045102 | I47: 16
A48: mungbean | B48: 50 | C48: 27 | D48: 0_0 | E48: 20220527T045102 | F48: Full | G48: Full | H48: 50-27-0_0-20220527T045102 | I48: 21
A49: mungbean | B49: 50 | C49: 27 | D49: 0_0 | E49: 20220527T045102 | F49: Full | G49: Full | H49: 50-27-0_0-20220527T045102 | I49: 22
A50: mungbean | B50: 50 | C50: 27 | D50: 0_0 | E50: 20220530T074538 | F50: Full | G50: Full | H50: 50-27-0_0-20220530T074538 | I50: 1 | J50: 3 | K50: 5
A51: mungbean | B51: 50 | C51: 27 | D51: 0_0 | E51: 20220530T074538 | F51: Full | G51: Full | H51: 50-27-0_0-20220530T074538 | I51: 2 | J51: 4 | K51: 6
A52: mungbean | B52: 50 | C52: 27 | D52: 0_0 | E52: 20220531T042054 | F52: Full | G52: Full | H52: 50-27-0_0-20220531T042054 | I52: 1 | J52: 3 | K52: 6 | L52: 8 | M52: 9
A53: mungbean | B53: 50 | C53: 27 | D53: 0_0 | E53: 20220531T042054 | F53: Full | G53: Full | H53: 50-27-0_0-20220531T042054 | I53: 2 | J53: 4 | K53: 5 | L53: 7 | M53: 10
A54: mungbean | B54: 50 | C54: 27 | D54: 0_0 | E54: 20220601T033109 | F54: Full | G54: Full | H54: 50-27-0_0-20220601T033109 | I54: 1 | J54: 2 | K54: 4 | L54: 7 | M54: 9
A55: mungbean | B55: 50 | C55: 27 | D55: 0_0 | E55: 20220601T033109 | F55: Full | G55: Full | H55: 50-27-0_0-20220601T033109 | I55: 3 | J55: 5 | K55: 6 | L55: 8
A56: mungbean | B56: 50 | C56: 27 | D56: 0_0 | E56: 20220602T052138 | F56: Full | G56: Full | H56: 50-27-0_0-20220602T052138 | I56: 1 | J56: 2 | K56: 5 | L56: 9 | M56: 10
A57: mungbean | B57: 50 | C57: 27 | D57: 0_0 | E57: 20220602T052138 | F57: Full | G57: Full | H57: 50-27-0_0-20220602T052138 | I57: 3 | J57: 4 | K57: 6 | L57: 7 | M57: 8
A58: mungbean | B58: 50 | C58: 27 | D58: 0_1 | E58: 20220523T042520 | F58: Full | G58: Full | H58: 50-27-0_1-20220523T042520 | I58: 1
A59: mungbean | B59: 50 | C59: 27 | D59: 0_1 | E59: 20220523T042520 | F59: Full | G59: Full | H59: 50-27-0_1-20220523T042520 | I59: 2
A60: mungbean | B60: 50 | C60: 27 | D60: 0_1 | E60: 20220523T042520 | F60: Full | G60: Full | H60: 50-27-0_1-20220523T042520 | I60: 3
A61: mungbean | B61: 50 | C61: 27 | D61: 0_1 | E61: 20220523T042520 | F61: Full | G61: Full | H61: 50-27-0_1-20220523T042520 | I61: 4
A62: mungbean | B62: 50 | C62: 27 | D62: 0_1 | E62: 20220523T042520 | F62: Full | G62: Full | H62: 50-27-0_1-20220523T042520 | I62: 5
A63: mungbean | B63: 50 | C63: 27 | D63: 0_1 | E63: 20220523T042520 | F63: Full | G63: Full | H63: 50-27-0_1-20220523T042520 | I63: 6
A64: mungbean | B64: 50 | C64: 27 | D64: 0_1 | E64: 20220523T042520 | F64: Full | G64: Full | H64: 50-27-0_1-20220523T042520 | I64: 7
A65: mungbean | B65: 50 | C65: 27 | D65: 0_1 | E65: 20220523T042520 | F65: Full | G65: Full | H65: 50-27-0_1-20220523T042520 | I65: 8
A66: mungbean | B66: 50 | C66: 27 | D66: 0_1 | E66: 20220523T042520 | F66: Full | G66: Full | H66: 50-27-0_1-20220523T042520 | I66: 9
A67: mungbean | B67: 50 | C67: 27 | D67: 0_1 | E67: 20220523T042520 | F67: Full | G67: Full | H67: 50-27-0_1-20220523T042520 | I67: 10
A68: mungbean | B68: 50 | C68: 27 | D68: 0_1 | E68: 20220523T042520 | F68: Full | G68: Full | H68: 50-27-0_1-20220523T042520 | I68: 11
A69: mungbean | B69: 50 | C69: 27 | D69: 0_1 | E69: 20220523T042520 | F69: Full | G69: Full | H69: 50-27-0_1-20220523T042520 | I69: 12
... A126: mungbean | B126: 50 | C126: 27 | D126: 0_1 | E126: 20220530T074538 | F126: Full | G126: Full | H126: 50-27-0_1-20220530T074538 | I126: 1
A127: mungbean | B127: 50 | C127: 27 | D127: 0_1 | E127: 20220530T074538 | F127: Full | G127: Full | H127: 50-27-0_1-20220530T074538 | I127: 2 | J127: 8
A128: mungbean | B128: 50 | C128: 27 | D128: 0_1 | E128: 20220530T074538 | F128: Full | G128: Full | H128: 50-27-0_1-20220530T074538 | I128: 3
A129: mungbean | B129: 50 | C129: 27 | D129: 0_1 | E129: 20220530T074538 | F129: Full | G129: Full | H129: 50-27-0_1-20220530T074538 | I129: 4 | J129: 7
A130: mungbean | B130: 50 | C130: 27 | D130: 0_1 | E130: 20220530T074538 | F130: Full | G130: Full | H130: 50-27-0_1-20220530T074538 | I130: 5 | J130: 6
A131: mungbean | B131: 50 | C131: 27 | D131: 0_1 | E131: 20220531T042054 | F131: Full | G131: Full | H131: 50-27-0_1-20220531T042054 | I131: 1
A132: mungbean | B132: 50 | C132: 27 | D132: 0_1 | E132: 20220531T042054 | F132: Full | G132: Full | H132: 50-27-0_1-20220531T042054 | I132: 2 | J132: 3 | K132: 4 | L132: 13
A133: mungbean | B133: 50 | C133: 27 | D133: 0_1 | E133: 20220531T042054 | F133: Full | G133: Full | H133: 50-27-0_1-20220531T042054 | I133: 5 | J133: 6
A134: mungbean | B134: 50 | C134: 27 | D134: 0_1 | E134: 20220531T042054 | F134: Full | G134: Full | H134: 50-27-0_1-20220531T042054 | I134: 7 | J134: 8 | K134: 9
A135: mungbean | B135: 50 | C135: 27 | D135: 0_1 | E135: 20220531T042054 | F135: Full | G135: Full | H135: 50-27-0_1-20220531T042054 | I135: 10 | J135: 11 | K135: 12
A136: mungbean | B136: 50 | C136: 27 | D136: 0_1 | E136: 20220601T033109 | F136: Full | G136: Full | H136: 50-27-0_1-20220601T033109 | I136: 1 | J136: 2 | K136: 3 | L136: 4 | M136: 5
A137: mungbean | B137: 50 | C137: 27 | D137: 0_1 | E137: 20220601T033109 | F137: Full | G137: Full | H137: 50-27-0_1-20220601T033109 | I137: 6 | J137: 7 | K137: 8 | L137: 9
A138: mungbean | B138: 50 | C138: 27 | D138: 0_1 | E138: 20220601T033109 | F138: Full | G138: Full | H138: 50-27-0_1-20220601T033109 | I138: 10 | J138: 11 | K138: 12 | L138: 18 | M138: 19 | N138: 23
A139: mungbean | B139: 50 | C139: 27 | D139: 0_1 | E139: 20220601T033109 | F139: Full | G139: Full | H139: 50-27-0_1-20220601T033109 | I139: 13 | J139: 14 | K139: 15 | L139: 16 | M139: 20 | N139: 21 | O139: 22 | P139: 25
A140: mungbean | B140: 50 | C140: 27 | D140: 0_1 | E140: 20220601T033109 | F140: Full | G140: Full | H140: 50-27-0_1-20220601T033109 | I140: 17 | J140: 24
A141: mungbean | B141: 50 | C141: 27 | D141: 0_1 | E141: 20220602T052138 | F141: Full | G141: Full | H141: 50-27-0_1-20220602T052138 | I141: 1
A142: mungbean | B142: 50 | C142: 27 | D142: 0_1 | E142: 20220602T052138 | F142: Full | G142: Full | H142: 50-27-0_1-20220602T052138 | I142: 2
A143: mungbean | B143: 50 | C143: 27 | D143: 0_1 | E143: 20220602T052138 | F143: Full | G143: Full | H143: 50-27-0_1-20220602T052138 | I143: 3
A144: mungbean | B144: 50 | C144: 27 | D144: 0_1 | E144: 20220602T052138 | F144: Full | G144: Full | H144: 50-27-0_1-20220602T052138 | I144: 4
A145: mungbean | B145: 50 | C145: 27 | D145: 0_1 | E145: 20220602T052138 | F145: Full | G145: Full | H145: 50-27-0_1-20220602T052138 | I145: 5
A146: cowpea | B146: 50 | C146: 27 | D146: 0_10 | E146: 20220523T042520 | F146: Full | G146: Full | H146: 50-27-0_10-20220523T042520 | I146: 1
A147: cowpea | B147: 50 | C147: 27 | D147: 0_10 | E147: 20220523T042520 | F147: Full | G147: Full | H147: 50-27-0_10-20220523T042520 | I147: 2
A148: cowpea | B148: 50 | C148: 27 | D148: 0_10 | E148: 20220523T042520 | F148: Full | G148: Full | H148: 50-27-0_10-20220523T042520 | I148: 3
A149: cowpea | B149: 50 | C149: 27 | D149: 0_10 | E149: 20220523T042520 | F149: Full | G149: Full | H149: 50-27-0_10-20220523T042520 | I149: 4
A150: cowpea | B150: 50 | C150: 27 | D150: 0_10 | E150: 20220523T042520 | F150: Full | G150: Full | H150: 50-27-0_10-20220523T042520 | I150: 5
A151: cowpea | B151: 50 | C151: 27 | D151: 0_10 | E151: 20220523T042520 | F151: Full | G151: Full | H151: 50-27-0_10-20220523T042520 | I151: 6
A152: cowpea | B152: 50 | C152: 27 | D152: 0_10 | E152: 20220523T042520 | F152: Full | G152: Full | H152: 50-27-0_10-20220523T042520 | I152: 7
... A193: cowpea | B193: 50 | C193: 27 | D193: 0_10 | E193: 20220527T045102 | F193: Full | G193: Full | H193: 50-27-0_10-20220527T045102 | I193: 1
A194: cowpea | B194: 50 | C194: 27 | D194: 0_10 | E194: 20220527T045102 | F194: Full | G194: Full | H194: 50-27-0_10-20220527T045102 | I194: 2 | J194: 17
A195: cowpea | B195: 50 | C195: 27 | D195: 0_10 | E195: 20220527T045102 | F195: Full | G195: Full | H195: 50-27-0_10-20220527T045102 | I195: 3 | J195: 18
A196: cowpea | B196: 50 | C196: 27 | D196: 0_10 | E196: 20220527T045102 | F196: Full | G196: Full | H196: 50-27-0_10-20220527T045102 | I196: 4
A197: cowpea | B197: 50 | C197: 27 | D197: 0_10 | E197: 20220527T045102 | F197: Full | G197: Full | H197: 50-27-0_10-20220527T045102 | I197: 5 | J197: 19
A198: cowpea | B198: 50 | C198: 27 | D198: 0_10 | E198: 20220527T045102 | F198: Full | G198: Full | H198: 50-27-0_10-20220527T045102 | I198: 6 | J198: 20
A199: cowpea | B199: 50 | C199: 27 | D199: 0_10 | E199: 20220527T045102 | F199: Full | G199: Full | H199: 50-27-0_10-20220527T045102 | I199: 7
A200: cowpea | B200: 50 | C200: 27 | D200: 0_10 | E200: 20220527T045102 | F200: Full | G200: Full | H200: 50-27-0_10-20220527T045102 | I200: 8
A201: cowpea | B201: 50 | C201: 27 | D201: 0_10 | E201: 20220527T045102 | F201: Full | G201: Full | H201: 50-27-0_10-20220527T045102 | I201: 9
A202: cowpea | B202: 50 | C202: 27 | D202: 0_10 | E202: 20220527T045102 | F202: Full | G202: Full | H202: 50-27-0_10-20220527T045102 | I202: 10
A203: cowpea | B203: 50 | C203: 27 | D203: 0_10 | E203: 20220527T045102 | F203: Full | G203: Full | H203: 50-27-0_10-20220527T045102 | I203: 11
A204: cowpea | B204: 50 | C204: 27 | D204: 0_10 | E204: 20220527T045102 | F204: Full | G204: Full | H204: 50-27-0_10-20220527T045102 | I204: 12
A205: cowpea | B205: 50 | C205: 27 | D205: 0_10 | E205: 20220527T045102 | F205: Full | G205: Full | H205: 50-27-0_10-20220527T045102 | I205: 13
A206: cowpea | B206: 50 | C206: 27 | D206: 0_10 | E206: 20220527T045102 | F206: Full | G206: Full | H206: 50-27-0_10-20220527T045102 | I206: 14
A207: cowpea | B207: 50 | C207: 27 | D207: 0_10 | E207: 20220527T045102 | F207: Full | G207: Full | H207: 50-27-0_10-20220527T045102 | I207: 15
A208: cowpea | B208: 50 | C208: 27 | D208: 0_10 | E208: 20220527T045102 | F208: Full | G208: Full | H208: 50-27-0_10-20220527T045102 | I208: 16
A209: cowpea | B209: 50 | C209: 27 | D209: 0_10 | E209: 20220527T045102 | F209: Full | G209: Full | H209: 50-27-0_10-20220527T045102 | I209: 21
A210: cowpea | B210: 50 | C210: 27 | D210: 0_10 | E210: 20220530T074538 | F210: Full | G210: Full | H210: 50-27-0_10-20220530T074538 | I210: 1 | J210: 2 | K210: 3 | L210: 4
A211: cowpea | B211: 50 | C211: 27 | D211: 0_10 | E211: 20220530T074538 | F211: Full | G211: Full | H211: 50-27-0_10-20220530T074538 | I211: 5 | J211: 6 | K211: 7 | L211: 20
A212: cowpea | B212: 50 | C212: 27 | D212: 0_10 | E212: 20220530T074538 | F212: Full | G212: Full | H212: 50-27-0_10-20220530T074538 | I212: 8 | J212: 9 | K212: 10 | L212: 11
A213: cowpea | B213: 50 | C213: 27 | D213: 0_10 | E213: 20220530T074538 | F213: Full | G213: Full | H213: 50-27-0_10-20220530T074538 | I213: 12 | J213: 13 | K213: 14 | L213: 15 | M213: 16
...

Sheet Annotated microplots
A1: Specie | B1: Exp. num. | C1: Bar code | D1: Tray | E1: Date time | F1: Full-Part-Organs | G1: Full-Part-Plants | H1: File name
A2: species | B2: studyId | C2: obsUnitId | E2: collectionDate | H2: sampleId
A3: mungbean | B3: 50 | C3: 27 | D3: 0_0 | E3: 20220524T041419 | F3: Full | G3: Full | H3: 50-27-0_0-20220524T041419
A4: mungbean | B4: 50 | C4: 27 | D4: 0_0 | E4: 20220525T030449 | F4: Full | G4: Full | H4: 50-27-0_0-20220525T030449
A5: mungbean | B5: 50 | C5: 27 | D5: 0_0 | E5: 20220527T045102 | F5: Full | G5: Full | H5: 50-27-0_0-20220527T045102
A6: mungbean | B6: 50 | C6: 27 | D6: 0_0 | E6: 20220530T074538 | F6: Full | G6: Full | H6: 50-27-0_0-20220530T074538
A7: mungbean | B7: 50 | C7: 27 | D7: 0_0 | E7: 20220531T042054 | F7: Full | G7: Full | H7: 50-27-0_0-20220531T042054
A8: mungbean | B8: 50 | C8: 27 | D8: 0_0 | E8: 20220601T033109 | F8: Full | G8: Full | H8: 50-27-0_0-20220601T033109
A9: mungbean | B9: 50 | C9: 27 | D9: 0_0 | E9: 20220602T052138 | F9: Full | G9: Full | H9: 50-27-0_0-20220602T052138
A10: mungbean | B10: 50 | C10: 27 | D10: 0_1 | E10: 20220523T042520 | F10: Full | G10: Full | H10: 50-27-0_1-20220523T042520
A11: mungbean | B11: 50 | C11: 27 | D11: 0_1 | E11: 20220524T041419 | F11: Full | G11: Full | H11: 50-27-0_1-20220524T041419
A12: mungbean | B12: 50 | C12: 27 | D12: 0_1 | E12: 20220525T030449 | F12: Full | G12: Full | H12: 50-27-0_1-20220525T030449
A13: mungbean | B13: 50 | C13: 27 | D13: 0_1 | E13: 20220527T045102 | F13: Full | G13: Full | H13: 50-27-0_1-20220527T045102
A14: mungbean | B14: 50 | C14: 27 | D14: 0_1 | E14: 20220530T074538 | F14: Full | G14: Full | H14: 50-27-0_1-20220530T074538
... A229: mungbean | B229: 59 | C229: 79 | D229: 1_8 | E229: 20230729T054442 | F229: Full | G229: Full | H229: 59-79-1_8-20230729T054442
A1656: mungbean
A1657: cowpea
A1658: common bean
A1659: lima bean

Sheet STUDY
A1: Study unique ID | B1: Study title | C1: Study description | D1: Start date of study | E1: End date of study | F1: Contact institution | G1: Geographic location (country) | H1: Experimental site name | I1: Geographic location (latitude) | J1: Geographic location (longitude) | K1: Geographic location (altitude) | L1: Description of the experimental design | M1: Type of experimental design | N1: Observation unit level hierarchy | O1: Observation unit description | P1: Description of growth facility | Q1: Type of growth facility | R1: Cultural practices | S1: Map of experimental design
A2: studyId | B2: studyTitle | C2: studyDescription | D2: studyStartDate | E2: studyEndDate | F2: contactInst | G2: locationCountry | H2: siteName | I2: locationLatitude | J2: locationLongitude | K2: locationAltitude | L2: expeDesignDesc | M2: expeDesignType | N2: obsUnitLevelHierarchy | O2: obsUnitDesc | P2: growthFacilityDesc | Q2: growthFacilityType | R2: culturalPractice | S2: expeDesignMap
A3: 50 | B3: diversity panel, breeding lines and released cultivars | C3: regular evaluations of plant material for breeding/pre-breeding | D3: 44699 | F3: CZU Prague | G3: India | H3: ICRISAT experimental field | I3: 17.512414 | J3: 78.275371 | L3: Complete randomised block design with 4 replications | O3: microplot (defined in doi:10.1093/jxb/erv251) | P3: LeasyScan (defined in doi:10.1093/jxb/erv251)
A4: 51 | B4: diversity panel, breeding lines and released cultivars | C4: regular evaluations of plant material for breeding/pre-breeding | D4: 44730 | F4: CZU Prague | G4: India | H4: ICRISAT experimental field | I4: 17.512414 | J4: 78.275371 | L4: Complete randomised block design with 4 replications | O4: microplot (defined in doi:10.1093/jxb/erv251) | P4: LeasyScan (defined in doi:10.1093/jxb/erv251)
A5: 59 | B5: diversity panel, breeding lines and released cultivars | C5: regular evaluations of plant material for breeding/pre-breeding | D5: 45130 | F5: CZU Prague | G5: India | H5: ICRISAT experimental field | I5: 17.512414 | J5: 78.275371 | L5: Complete randomised block design with 4 replications | O5: microplot (defined in doi:10.1093/jxb/erv251) | P5: LeasyScan (defined in doi:10.1093/jxb/erv251)

Sheet PERSON
A1: Person name | B1: Person email | C1: Person ID | D1: Person role | E1: Person affiliation
A2: personName | B2: personEmail | C2: personId | D2: personRole | E2: personAffiliation
A3: Jan Masner | B3: masner@pef.czu.cz | D3: Corresponding author | E3: CZU Prague
A4: Others not GDPR compliant

Sheet DATA FILE
A1: Data file link | B1: Data file description | C1: Data file version
A2: dataFileLink | B2: dataFileDesc | C2: dataFileVersion
A3: https://doi.org/10.6084/m9.figshare.28270742 | B3: Annotated 3D point cloud plant scans generated by a high-throughput phenotyping platform (LeasyScan, ICRISAT, India).

Sheet BIOLOGICAL MATERIAL
A1: Biological material ID | B1: Biological material external ID | C1: Organism | D1: Genus | E1: Species | F1: Infraspecific name | G1: Biological material latitude | H1: Biological material longitude | I1: Biological material altitude | J1: Biological material coordinates uncertainty | K1: Biological material preprocessing | L1: Material source ID (Holding institute/stock centre, accession) | M1: Material source DOI | N1: Material source accession number | O1: Material source accession name | P1: Material source institute code | Q1: Material source institute name | R1: Material source other identifiers | S1: Material source latitude | T1: Material source longitude | U1: Material source altitude | V1: Material source coordinates uncertainty | W1: Material source description
A2: biologicalMaterialId | B2: biologicalMaterialExtId | C2: organism | D2: genus | E2: species | F2: infraspecificName | G2: biologicalMaterialLatitude | H2: biologicalMaterialLongitude | I2: biologicalMaterialAltitude | J2: biologicalMaterialCoordUncertainty | K2: biologicalMaterialPreprocessing | L2: materialSourceId | M2: materialSourceDoi | N2: materialSourceAccNumber | O2: materialSourceAccName | P2: materialSourceInstCode | Q2: materialSourceInstName | R2: materialSourceOtherIds | S2: materialSourceLatitude | T2: materialSourceLongitude | U2: materialSourceAltitude | V2: materialSourceCoordUncertainty | W2: materialSourceDesc
A3: mungbean | C3: NCBI:txid157791 | D3: Vigna radiata (mung bean) | E3: Vigna radiata R.Wilczek, 1954 | L3: World Vegetable Centre, Hyderabad
A4: pigeonpea | C4: NCBI:txid3821 | D4: Cajanus cajan (pigeon pea) | E4: Cajanus cajan Huth, 1893 | L4: ICRISAT, Hyderabad
A5: lima bean | C5: NCBI:txid3884 | D5: Phaseolus lunatus (Lima bean) | E5: Phaseolus lunatus L., 1753 | L5: ICRISAT, Hyderabad
A6: cowpea | C6: NCBI:txid3917 | D6: Vigna unguiculata (cowpea) | E6: Vigna unguiculata (L.) Walp., 1843 | L6: ICRISAT, Hyderabad
A7: common bean | C7: NCBI:txid3885 | D7: Phaseolus vulgaris (common bean) | E7: Phaseolus vulgaris L., 1753 | L7: ICRISAT, Hyderabad

Sheet ENVIRONMENT
A1: Environment parameter | B1: Environment parameter value
A2: envParam | B2: envParamValue
A3: Variable planting density | B3: Vertisol

Sheet EXPERIMENTAL FACTOR
A1: Study unique ID | B1: Experimental Factor type | C1: Experimental Factor description | D1: Experimental Factor values
A2: studyId | B2: expeFactorType | C2: expeFactorDesc | D2: expeFactorValues
A3: 50 | B3: fully irrigated trials | C3: irrigation once in 2-3 days till full SWHC | D3: Water
A4: 51 | B4: fully irrigated trials | C4: irrigation once in 2-3 days till full SWHC | D4: Water
A5: 59 | B5: fully irrigated trials | C5: irrigation once in 2-3 days till full SWHC | D5: Water

Sheet EVENT
A1: Study unique ID | B1: Event type | C1: Event accession number | D1: Event description | E1: Event date
A2: studyId | B2: eventType | C2: eventAccNumber | D2: eventDesc | E2: eventDate
A3: 50 | B3: fully fertilized trials | D3: 50kg/ha Di-Amonium-Phosphate, manual application | E3: 44699
A4: 51 | B4: fully fertilized trials | D4: 50kg/ha Di-Amonium-Phosphate, manual application | E4: 44730
A5: 59 | B5: fully fertilized trials | D5: 50kg/ha Di-Amonium-Phosphate, manual application | E5: 45130

Sheet OBSERVATION UNIT
A1: Biological material ID | B1: Study unique ID | C1: Observation unit ID | D1: Observation unit type | E1: Observation unit external ID | F1: Spatial distribution | G1: Observation Unit factor value
A2: biologicalMaterialId | B2: studyId | C2: obsUnitId | D2: obsUnitType | E2: externalId | F2: spatialDistribution | G2: obsUnitFactorValue
A3: mungbean | B3: 50 | C3: 27 0_0 | D3: microplot (defined in doi:10.1093/jxb/erv251) | F3: Latitude:+17.512414; Longitude: +78.2753706 | G3: fully irrigated, fully fertilized, pest- and disease-free
A4: mungbean | B4: 50 | C4: 27 0_1 | D4: microplot (defined in doi:10.1093/jxb/erv251) | F4: Latitude:+17.512414; Longitude: +78.2753707 | G4: fully irrigated, fully fertilized, pest- and disease-free
A5: cowpea | B5: 50 | C5: 27 0_10 | D5: microplot (defined in doi:10.1093/jxb/erv251) | F5: Latitude:+17.512414; Longitude: +78.2753708 | G5: fully irrigated, fully fertilized, pest- and disease-free
A6: cowpea | B6: 50 | C6: 27 0_11 | D6: microplot (defined in doi:10.1093/jxb/erv251) | F6: Latitude:+17.512414; Longitude: +78.2753709 | G6: fully irrigated, fully fertilized, pest- and disease-free
A7: mungbean | B7: 50 | C7: 27 0_2 | D7: microplot (defined in doi:10.1093/jxb/erv251) | F7: Latitude:+17.512414; Longitude: +78.2753710 | G7: fully irrigated, fully fertilized, pest- and disease-free
A8: common bean | B8: 50 | C8: 27 0_3 | D8: microplot (defined in doi:10.1093/jxb/erv251) | F8: Latitude:+17.512414; Longitude: +78.2753711 | G8: fully irrigated, fully fertilized, pest- and disease-free
A9: common bean | B9: 50 | C9: 27 0_4 | D9: microplot (defined in doi:10.1093/jxb/erv251) | F9: Latitude:+17.512414; Longitude: +78.2753712 | G9: fully irrigated, fully fertilized, pest- and disease-free
A10: common bean | B10: 50 | C10: 27 0_5 | D10: microplot (defined in doi:10.1093/jxb/erv251) | F10: Latitude:+17.512414; Longitude: +78.2753713 | G10: fully irrigated, fully fertilized, pest- and disease-free
A11: lima bean | B11: 50 | C11: 27 0_6 | D11: microplot (defined in doi:10.1093/jxb/erv251) | F11: Latitude:+17.512414; Longitude: +78.2753714 | G11: fully irrigated, fully fertilized, pest- and disease-free
A12: lima bean | B12: 50 | C12: 27 0_7 | D12: microplot (defined in doi:10.1093/jxb/erv251) | F12: Latitude:+17.512414; Longitude: +78.2753715 | G12: fully irrigated, fully fertilized, pest- and disease-free
A13: lima bean | B13: 50 | C13: 27 0_8 | D13: microplot (defined in doi:10.1093/jxb/erv251) | F13: Latitude:+17.512414; Longitude: +78.2753716 | G13: fully irrigated, fully fertilized, pest- and disease-free
A14: mungbean | B14: 50 | C14: 27 1_1 | D14: microplot (defined in doi:10.1093/jxb/erv251) | F14: Latitude:+17.512414; Longitude: +78.2753717 | G14: fully irrigated, fully fertilized, pest- and disease-free
... A44: mungbean | B44: 59 | C44: 79 1_8 | D44: microplot (defined in doi:10.1093/jxb/erv251) | F44: Latitude:+17.512414; Longitude: +78.2753747 | G44: fully irrigated, fully fertilized, pest- and disease-free
C46: =_xlfn.CONCAT('Annotated microplots'!C230," ",'Annotated microplots'!D230)

Sheet SAMPLE
A1: Observation unit ID | B1: Sample ID | C1: Plant structure development stage | D1: Plant anatomical entity | E1: Sample description | F1: Collection date | G1: Sample external ID
A2: obsUnitId | B2: sampleId | C2: developmentStage | D2: anatomicalEntity | E2: sampleDesc | F2: collectionDate | G2: externalId
A3: =_xlfn.TEXTBEFORE(_xlfn.TEXTAFTER(B3, "-", 1), "-") & " " & _xlfn.TEXTBEFORE(_xlfn.TEXTAFTER(B3, "-", 2), "-") -> 27 0_0 | B3: ='Annotated microplots'!H3 -> 50-27-0_0-20220524T041419 | C3: whole plant development stage (PO:0007033) | D3: whole plant (PO:0000003) | E3: Plant canopy scan | F3: ='Annotated microplots'!E3 -> 20220524T041419
A4: =_xlfn.TEXTBEFORE(_xlfn.TEXTAFTER(B4, "-", 1), "-") & " " & _xlfn.TEXTBEFORE(_xlfn.TEXTAFTER(B4, "-", 2), "-") -> 27 0_0 | B4: ='Annotated microplots'!H4 -> 50-27-0_0-20220525T030449 | C4: whole plant development stage (PO:0007033) | D4: whole plant (PO:0000003) | E4: Plant canopy scan | F4: ='Annotated microplots'!E4 -> 20220525T030449
A5: =_xlfn.TEXTBEFORE(_xlfn.TEXTAFTER(B5, "-", 1), "-") & " " & _xlfn.TEXTBEFORE(_xlfn.TEXTAFTER(B5, "-", 2), "-") -> 27 0_0 | B5: ='Annotated microplots'!H5 -> 50-27-0_0-20220527T045102 | C5: whole plant development stage (PO:0007033) | D5: whole plant (PO:0000003) | E5: Plant canopy scan | F5: ='Annotated microplots'!E5 -> 20220527T045102
A6: =_xlfn.TEXTBEFORE(_xlfn.TEXTAFTER(B6, "-", 1), "-") & " " & _xlfn.TEXTBEFORE(_xlfn.TEXTAFTER(B6, "-", 2), "-") -> 27 0_0 | B6: ='Annotated microplots'!H6 -> 50-27-0_0-20220530T074538 | C6: whole plant development stage (PO:0007033) | D6: whole plant (PO:0000003) | E6: Plant canopy scan | F6: ='Annotated microplots'!E6 -> 20220530T074538
A7: =_xlfn.TEXTBEFORE(_xlfn.TEXTAFTER(B7, "-", 1), "-") & " " & _xlfn.TEXTBEFORE(_xlfn.TEXTAFTER(B7, "-", 2), "-") -> 27 0_0 | B7: ='Annotated microplots'!H7 -> 50-27-0_0-20220531T042054 | C7: whole plant development stage (PO:0007033) | D7: whole plant (PO:0000003) | E7: Plant canopy scan | F7: ='Annotated microplots'!E7 -> 20220531T042054
A8: =_xlfn.TEXTBEFORE(_xlfn.TEXTAFTER(B8, "-", 1), "-") & " " & _xlfn.TEXTBEFORE(_xlfn.TEXTAFTER(B8, "-", 2), "-") -> 27 0_0 | B8: ='Annotated microplots'!H8 -> 50-27-0_0-20220601T033109 | C8: whole plant development stage (PO:0007033) | D8: whole plant (PO:0000003) | E8: Plant canopy scan | F8: ='Annotated microplots'!E8 -> 20220601T033109
A9: =_xlfn.TEXTBEFORE(_xlfn.TEXTAFTER(B9, "-", 1), "-") & " " & _xlfn.TEXTBEFORE(_xlfn.TEXTAFTER(B9, "-", 2), "-") -> 27 0_0 | B9: ='Annotated microplots'!H9 -> 50-27-0_0-20220602T052138 | C9: whole plant development stage (PO:0007033) | D9: whole plant (PO:0000003) | E9: Plant canopy scan | F9: ='Annotated microplots'!E9 -> 20220602T052138
A10: =_xlfn.TEXTBEFORE(_xlfn.TEXTAFTER(B10, "-", 1), "-") & " " & _xlfn.TEXTBEFORE(_xlfn.TEXTAFTER(B10, "-", 2), "-") -> 27 0_1 | B10: ='Annotated microplots'!H10 -> 50-27-0_1-20220523T042520 | C10: whole plant development stage (PO:0007033) | D10: whole plant (PO:0000003) | E10: Plant canopy scan | F10: ='Annotated microplots'!E10 -> 20220523T042520
A11: =_xlfn.TEXTBEFORE(_xlfn.TEXTAFTER(B11, "-", 1), "-") & " " & _xlfn.TEXTBEFORE(_xlfn.TEXTAFTER(B11, "-", 2), "-") -> 27 0_1 | B11: ='Annotated microplots'!H11 -> 50-27-0_1-20220524T041419 | C11: whole plant development stage (PO:0007033) | D11: whole plant (PO:0000003) | E11: Plant canopy scan | F11: ='Annotated microplots'!E11 -> 20220524T041419
A12: =_xlfn.TEXTBEFORE(_xlfn.TEXTAFTER(B12, "-", 1), "-") & " " & _xlfn.TEXTBEFORE(_xlfn.TEXTAFTER(B12, "-", 2), "-") -> 27 0_1 | B12: ='Annotated microplots'!H12 -> 50-27-0_1-20220525T030449 | C12: whole plant development stage (PO:0007033) | D12: whole plant (PO:0000003) | E12: Plant canopy scan | F12: ='Annotated microplots'!E12 -> 20220525T030449
A13: =_xlfn.TEXTBEFORE(_xlfn.TEXTAFTER(B13, "-", 1), "-") & " " & _xlfn.TEXTBEFORE(_xlfn.TEXTAFTER(B13, "-", 2), "-") -> 27 0_1 | B13: ='Annotated microplots'!H13 -> 50-27-0_1-20220527T045102 | C13: whole plant development stage (PO:0007033) | D13: whole plant (PO:0000003) | E13: Plant canopy scan | F13: ='Annotated microplots'!E13 -> 20220527T045102
A14: =_xlfn.TEXTBEFORE(_xlfn.TEXTAFTER(B14, "-", 1), "-") & " " & _xlfn.TEXTBEFORE(_xlfn.TEXTAFTER(B14, "-", 2), "-") -> 27 0_1 | B14: ='Annotated microplots'!H14 -> 50-27-0_1-20220530T074538 | C14: whole plant development stage (PO:0007033) | D14: whole plant (PO:0000003) | E14: Plant canopy scan | F14: ='Annotated microplots'!E14 -> 20220530T074538
... A229: =_xlfn.TEXTBEFORE(_xlfn.TEXTAFTER(B229, "-", 1), "-") & " " & _xlfn.TEXTBEFORE(_xlfn.TEXTAFTER(B229, "-", 2), "-") -> 79 1_8 | B229: ='Annotated microplots'!H229 -> 59-79-1_8-20230729T054442 | C229: whole plant development stage (PO:0007033) | D229: whole plant (PO:0000003) | E229: Plant canopy scan | F229: ='Annotated microplots'!E229 -> 20230729T054442
